{"methodId":1,"methodName":"split","objectLocation":1,"photosTaken":[{"analysedPhoto":{"mHeight":3000,"mNativePtr":-5476376646633969088,"mWidth":4000},"analysedUri":"file:///storage/emulated/0/Android/media/com.robotemi.sdk.sample/photo_app/1718976880919-path_1717501499263_2017-0-0_result.jpg","detectedObjects":[],"detectionMode":1,"fileName":"1718976880919-path_1717501499263_2017-0-0","index":0,"originalUri":"file:///storage/emulated/0/Android/media/com.robotemi.sdk.sample/photo_app/1718976880919-path_1717501499263_2017-0-0.jpg","photoLocation":0,"photoPosition":{"x":0.826,"y":-0.0233,"yaw":0.9827},"session":"1718976880919-path_1717501499263_2017"},{"analysedPhoto":{"mHeight":3000,"mNativePtr":-5476376646634003008,"mWidth":4000},"analysedUri":"file:///storage/emulated/0/Android/media/com.robotemi.sdk.sample/photo_app/1718976880919-path_1717501499263_2017-0-1_result.jpg","detectedObjects":[{"bottom":2994,"confidence":0.92958885,"label":"chair","left":1050,"position":1,"right":1662,"top":1908}],"detectionMode":1,"fileName":"1718976880919-path_1717501499263_2017-0-1","index":1,"originalUri":"file:///storage/emulated/0/Android/media/com.robotemi.sdk.sample/photo_app/1718976880919-path_1717501499263_2017-0-1.jpg","photoLocation":0,"photoPosition":{"x":0.8327,"y":-0.0227,"yaw":1.8102},"session":"1718976880919-path_1717501499263_2017"},{"analysedPhoto":{"mHeight":3000,"mNativePtr":-5476376646633948608,"mWidth":4000},"analysedUri":"file:///storage/emulated/0/Android/media/com.robotemi.sdk.sample/photo_app/1718976880919-path_1717501499263_2017-0-2_result.jpg","detectedObjects":[{"bottom":2995,"confidence":0.91333777,"label":"chair","left":2755,"position":3,"right":3357,"top":1933}],"detectionMode":1,"fileName":"1718976880919-path_1717501499263_2017-0-2","index":2,"originalUri":"file:///storage/emulated/0/Android/media/com.robotemi.sdk.sample/photo_app/1718976880919-path_1717501499263_2017-0-2.jpg","photoLocation":0,"photoPosition":{"x":0.8381,"y":-0.0276,"yaw":2.6346},"session":"1718976880919-path_1717501499263_2017"},{"analysedPhoto":{"mHeight":3000,"mNativePtr":-5476376646633954528,"mWidth":4000},"analysedUri":"file:///storage/emulated/0/Android/media/com.robotemi.sdk.sample/photo_app/1718976880919-path_1717501499263_2017-0-3_result.jpg","detectedObjects":[],"detectionMode":1,"fileName":"1718976880919-path_1717501499263_2017-0-3","index":3,"originalUri":"file:///storage/emulated/0/Android/media/com.robotemi.sdk.sample/photo_app/1718976880919-path_1717501499263_2017-0-3.jpg","photoLocation":0,"photoPosition":{"x":0.826,"y":-0.0344,"yaw":-2.9023},"session":"1718976880919-path_1717501499263_2017"},{"analysedPhoto":{"mHeight":3000,"mNativePtr":-5476376646633947168,"mWidth":4000},"analysedUri":"file:///storage/emulated/0/Android/media/com.robotemi.sdk.sample/photo_app/1718976880919-path_1717501499263_2017-0-4_result.jpg","detectedObjects":[],"detectionMode":1,"fileName":"1718976880919-path_1717501499263_2017-0-4","index":4,"originalUri":"file:///storage/emulated/0/Android/media/com.robotemi.sdk.sample/photo_app/1718976880919-path_1717501499263_2017-0-4.jpg","photoLocation":0,"photoPosition":{"x":0.8362,"y":-0.0149,"yaw":-2.0538},"session":"1718976880919-path_1717501499263_2017"},{"analysedPhoto":{"mHeight":3000,"mNativePtr":-5476376646634000768,"mWidth":4000},"analysedUri":"file:///storage/emulated/0/Android/media/com.robotemi.sdk.sample/photo_app/1718976880919-path_1717501499263_2017-0-5_result.jpg","detectedObjects":[],"detectionMode":1,"fileName":"1718976880919-path_1717501499263_2017-0-5","index":5,"originalUri":"file:///storage/emulated/0/Android/media/com.robotemi.sdk.sample/photo_app/1718976880919-path_1717501499263_2017-0-5.jpg","photoLocation":0,"photoPosition":{"x":0.8319,"y":-0.0214,"yaw":-1.2296},"session":"1718976880919-path_1717501499263_2017"},{"analysedPhoto":{"mHeight":3000,"mNativePtr":-5476376646633951248,"mWidth":4000},"analysedUri":"file:///storage/emulated/0/Android/media/com.robotemi.sdk.sample/photo_app/1718976880919-path_1717501499263_2017-0-6_result.jpg","detectedObjects":[],"detectionMode":1,"fileName":"1718976880919-path_1717501499263_2017-0-6","index":6,"originalUri":"file:///storage/emulated/0/Android/media/com.robotemi.sdk.sample/photo_app/1718976880919-path_1717501499263_2017-0-6.jpg","photoLocation":0,"photoPosition":{"x":0.8336,"y":-0.0098,"yaw":-0.3986},"session":"1718976880919-path_1717501499263_2017"},{"analysedPhoto":{"mHeight":3000,"mNativePtr":-5476376646633997648,"mWidth":4000},"analysedUri":"file:///storage/emulated/0/Android/media/com.robotemi.sdk.sample/photo_app/1718976880919-path_1717501499263_2017-0-7_result.jpg","detectedObjects":[],"detectionMode":1,"fileName":"1718976880919-path_1717501499263_2017-0-7","index":7,"originalUri":"file:///storage/emulated/0/Android/media/com.robotemi.sdk.sample/photo_app/1718976880919-path_1717501499263_2017-0-7.jpg","photoLocation":0,"photoPosition":{"x":0.8262,"y":-0.0093,"yaw":0.3842},"session":"1718976880919-path_1717501499263_2017"},{"analysedPhoto":{"mHeight":3000,"mNativePtr":-5476376646634014048,"mWidth":4000},"analysedUri":"file:///storage/emulated/0/Android/media/com.robotemi.sdk.sample/photo_app/1718976880919-path_1717501499263_2017-1-0_result.jpg","detectedObjects":[],"detectionMode":1,"fileName":"1718976880919-path_1717501499263_2017-1-0","index":0,"originalUri":"file:///storage/emulated/0/Android/media/com.robotemi.sdk.sample/photo_app/1718976880919-path_1717501499263_2017-1-0.jpg","photoLocation":1,"photoPosition":{"x":2.3747,"y":-0.0737,"yaw":1.0081},"session":"1718976880919-path_1717501499263_2017"},{"analysedPhoto":{"mHeight":3000,"mNativePtr":-5476376646634010928,"mWidth":4000},"analysedUri":"file:///storage/emulated/0/Android/media/com.robotemi.sdk.sample/photo_app/1718976880919-path_1717501499263_2017-1-1_result.jpg","detectedObjects":[{"bottom":2366,"confidence":0.8416056,"label":"chair","left":0,"position":0,"right":325,"top":1839}],"detectionMode":1,"fileName":"1718976880919-path_1717501499263_2017-1-1","index":1,"originalUri":"file:///storage/emulated/0/Android/media/com.robotemi.sdk.sample/photo_app/1718976880919-path_1717501499263_2017-1-1.jpg","photoLocation":1,"photoPosition":{"x":2.3754,"y":-0.0797,"yaw":1.8231},"session":"1718976880919-path_1717501499263_2017"},{"analysedPhoto":{"mHeight":3000,"mNativePtr":-5476376646633954928,"mWidth":4000},"analysedUri":"file:///storage/emulated/0/Android/media/com.robotemi.sdk.sample/photo_app/1718976880919-path_1717501499263_2017-1-2_result.jpg","detectedObjects":[{"bottom":2175,"confidence":0.81470585,"label":"chair","left":1832,"position":2,"right":2161,"top":1765}],"detectionMode":1,"fileName":"1718976880919-path_1717501499263_2017-1-2","index":2,"originalUri":"file:///storage/emulated/0/Android/media/com.robotemi.sdk.sample/photo_app/1718976880919-path_1717501499263_2017-1-2.jpg","photoLocation":1,"photoPosition":{"x":2.3783,"y":-0.0803,"yaw":2.6219},"session":"1718976880919-path_1717501499263_2017"},{"analysedPhoto":{"mHeight":3000,"mNativePtr":-5476376646633953728,"mWidth":4000},"analysedUri":"file:///storage/emulated/0/Android/media/com.robotemi.sdk.sample/photo_app/1718976880919-path_1717501499263_2017-1-3_result.jpg","detectedObjects":[{"bottom":2325,"confidence":0.8801364,"label":"chair","left":3647,"position":4,"right":3997,"top":1808}],"detectionMode":1,"fileName":"1718976880919-path_1717501499263_2017-1-3","index":3,"originalUri":"file:///storage/emulated/0/Android/media/com.robotemi.sdk.sample/photo_app/1718976880919-path_1717501499263_2017-1-3.jpg","photoLocation":1,"photoPosition":{"x":2.3776,"y":-0.0849,"yaw":-2.8641},"session":"1718976880919-path_1717501499263_2017"},{"analysedPhoto":{"mHeight":3000,"mNativePtr":-5476376646634003888,"mWidth":4000},"analysedUri":"file:///storage/emulated/0/Android/media/com.robotemi.sdk.sample/photo_app/1718976880919-path_1717501499263_2017-1-4_result.jpg","detectedObjects":[],"detectionMode":1,"fileName":"1718976880919-path_1717501499263_2017-1-4","index":4,