{"methodId":1,"methodName":"split","objectLocation":1,"photosTaken":[{"analysedPhoto":{"mHeight":3000,"mNativePtr":-5476376609170643520,"mWidth":4000},"analysedUri":"file:///storage/emulated/0/Android/media/com.robotemi.sdk.sample/photo_app/1718895986560-path_1717501499263_2017-0-0_result.jpg","detectedObjects":[],"detectionMode":1,"fileName":"1718895986560-path_1717501499263_2017-0-0","index":0,"originalUri":"file:///storage/emulated/0/Android/media/com.robotemi.sdk.sample/photo_app/1718895986560-path_1717501499263_2017-0-0.jpg","photoLocation":0,"photoPosition":{"x":0.8138,"y":0.0189,"yaw":1.0416},"session":"1718895986560-path_1717501499263_2017"},{"analysedPhoto":{"mHeight":3000,"mNativePtr":-5476376609170644880,"mWidth":4000},"analysedUri":"file:///storage/emulated/0/Android/media/com.robotemi.sdk.sample/photo_app/1718895986560-path_1717501499263_2017-0-1_result.jpg","detectedObjects":[{"bottom":2995,"confidence":0.9258653,"label":"chair","left":1087,"position":1,"right":1701,"top":1903}],"detectionMode":1,"fileName":"1718895986560-path_1717501499263_2017-0-1","index":1,"originalUri":"file:///storage/emulated/0/Android/media/com.robotemi.sdk.sample/photo_app/1718895986560-path_1717501499263_2017-0-1.jpg","photoLocation":0,"photoPosition":{"x":0.8102,"y":0.022,"yaw":1.8528},"session":"1718895986560-path_1717501499263_2017"},{"analysedPhoto":{"mHeight":3000,"mNativePtr":-5476376609170662880,"mWidth":4000},"analysedUri":"file:///storage/emulated/0/Android/media/com.robotemi.sdk.sample/photo_app/1718895986560-path_1717501499263_2017-0-2_result.jpg","detectedObjects":[{"bottom":2997,"confidence":0.91936046,"label":"chair","left":2827,"position":3,"right":3449,"top":1933}],"detectionMode":1,"fileName":"1718895986560-path_1717501499263_2017-0-2","index":2,"originalUri":"file:///storage/emulated/0/Android/media/com.robotemi.sdk.sample/photo_app/1718895986560-path_1717501499263_2017-0-2.jpg","photoLocation":0,"photoPosition":{"x":0.8081,"y":0.0185,"yaw":2.6154},"session":"1718895986560-path_1717501499263_2017"},{"analysedPhoto":{"mHeight":3000,"mNativePtr":-5476376609170643200,"mWidth":4000},"analysedUri":"file:///storage/emulated/0/Android/media/com.robotemi.sdk.sample/photo_app/1718895986560-path_1717501499263_2017-0-3_result.jpg","detectedObjects":[],"detectionMode":1,"fileName":"1718895986560-path_1717501499263_2017-0-3","index":3,"originalUri":"file:///storage/emulated/0/Android/media/com.robotemi.sdk.sample/photo_app/1718895986560-path_1717501499263_2017-0-3.jpg","photoLocation":0,"photoPosition":{"x":0.8157,"y":0.0099,"yaw":-2.7827},"session":"1718895986560-path_1717501499263_2017"},{"analysedPhoto":{"mHeight":3000,"mNativePtr":-5476376609170635760,"mWidth":4000},"analysedUri":"file:///storage/emulated/0/Android/media/com.robotemi.sdk.sample/photo_app/1718895986560-path_1717501499263_2017-0-4_result.jpg","detectedObjects":[],"detectionMode":1,"fileName":"1718895986560-path_1717501499263_2017-0-4","index":4,"originalUri":"file:///storage/emulated/0/Android/media/com.robotemi.sdk.sample/photo_app/1718895986560-path_1717501499263_2017-0-4.jpg","photoLocation":0,"photoPosition":{"x":0.8265,"y":0.0166,"yaw":-2.0533},"session":"1718895986560-path_1717501499263_2017"},{"analysedPhoto":{"mHeight":3000,"mNativePtr":-5476376609170647040,"mWidth":4000},"analysedUri":"file:///storage/emulated/0/Android/media/com.robotemi.sdk.sample/photo_app/1718895986560-path_1717501499263_2017-0-5_result.jpg","detectedObjects":[],"detectionMode":1,"fileName":"1718895986560-path_1717501499263_2017-0-5","index":5,"originalUri":"file:///storage/emulated/0/Android/media/com.robotemi.sdk.sample/photo_app/1718895986560-path_1717501499263_2017-0-5.jpg","photoLocation":0,"photoPosition":{"x":0.8356,"y":0.0187,"yaw":-1.1185},"session":"1718895986560-path_1717501499263_2017"},{"analysedPhoto":{"mHeight":3000,"mNativePtr":-5476376609170665920,"mWidth":4000},"analysedUri":"file:///storage/emulated/0/Android/media/com.robotemi.sdk.sample/photo_app/1718895986560-path_1717501499263_2017-0-6_result.jpg","detectedObjects":[],"detectionMode":1,"fileName":"1718895986560-path_1717501499263_2017-0-6","index":6,"originalUri":"file:///storage/emulated/0/Android/media/com.robotemi.sdk.sample/photo_app/1718895986560-path_1717501499263_2017-0-6.jpg","photoLocation":0,"photoPosition":{"x":0.8283,"y":0.0457,"yaw":-0.2915},"session":"1718895986560-path_1717501499263_2017"},{"analysedPhoto":{"mHeight":3000,"mNativePtr":-5476376609170659840,"mWidth":4000},"analysedUri":"file:///storage/emulated/0/Android/media/com.robotemi.sdk.sample/photo_app/1718895986560-path_1717501499263_2017-0-7_result.jpg","detectedObjects":[],"detectionMode":1,"fileName":"1718895986560-path_1717501499263_2017-0-7","index":7,"originalUri":"file:///storage/emulated/0/Android/media/com.robotemi.sdk.sample/photo_app/1718895986560-path_1717501499263_2017-0-7.jpg","photoLocation":0,"photoPosition":{"x":0.8167,"y":0.0546,"yaw":0.574},"session":"1718895986560-path_1717501499263_2017"},{"analysedPhoto":{"mHeight":3000,"mNativePtr":-5476376609170669120,"mWidth":4000},"analysedUri":"file:///storage/emulated/0/Android/media/com.robotemi.sdk.sample/photo_app/1718895986560-path_1717501499263_2017-1-0_result.jpg","detectedObjects":[],"detectionMode":1,"fileName":"1718895986560-path_1717501499263_2017-1-0","index":0,"originalUri":"file:///storage/emulated/0/Android/media/com.robotemi.sdk.sample/photo_app/1718895986560-path_1717501499263_2017-1-0.jpg","photoLocation":1,"photoPosition":{"x":3.1211,"y":-0.1182,"yaw":0.9828},"session":"1718895986560-path_1717501499263_2017"},{"analysedPhoto":{"mHeight":3000,"mNativePtr":-5476376609170646720,"mWidth":4000},"analysedUri":"file:///storage/emulated/0/Android/media/com.robotemi.sdk.sample/photo_app/1718895986560-path_1717501499263_2017-1-1_result.jpg","detectedObjects":[],"detectionMode":1,"fileName":"1718895986560-path_1717501499263_2017-1-1","index":1,"originalUri":"file:///storage/emulated/0/Android/media/com.robotemi.sdk.sample/photo_app/1718895986560-path_1717501499263_2017-1-1.jpg","photoLocation":1,"photoPosition":{"x":3.1221,"y":-0.1234,"yaw":1.7431},"session":"1718895986560-path_1717501499263_2017"},{"analysedPhoto":{"mHeight":3000,"mNativePtr":-5476376609170676160,"mWidth":4000},"analysedUri":"file:///storage/emulated/0/Android/media/com.robotemi.sdk.sample/photo_app/1718895986560-path_1717501499263_2017-1-2_result.jpg","detectedObjects":[],"detectionMode":1,"fileName":"1718895986560-path_1717501499263_2017-1-2","index":2,"originalUri":"file:///storage/emulated/0/Android/media/com.robotemi.sdk.sample/photo_app/1718895986560-path_1717501499263_2017-1-2.jpg","photoLocation":1,"photoPosition":{"x":3.1278,"y":-0.1389,"yaw":2.4897},"session":"1718895986560-path_1717501499263_2017"},{"analysedPhoto":{"mHeight":3000,"mNativePtr":-5476376609170639840,"mWidth":4000},"analysedUri":"file:///storage/emulated/0/Android/media/com.robotemi.sdk.sample/photo_app/1718895986560-path_1717501499263_2017-1-3_result.jpg","detectedObjects":[{"bottom":2056,"confidence":0.8630657,"label":"chair","left":3232,"position":4,"right":3587,"top":1720}],"detectionMode":1,"fileName":"1718895986560-path_1717501499263_2017-1-3","index":3,"originalUri":"file:///storage/emulated/0/Android/media/com.robotemi.sdk.sample/photo_app/1718895986560-path_1717501499263_2017-1-3.jpg","photoLocation":1,"photoPosition":{"x":3.1285,"y":-0.1463,"yaw":-2.9458},"session":"1718895986560-path_1717501499263_2017"},{"analysedPhoto":{"mHeight":3000,"mNativePtr":-5476376609170636880,"mWidth":4000},"analysedUri":"file:///storage/emulated/0/Android/media/com.robotemi.sdk.sample/photo_app/1718895986560-path_1717501499263_2017-1-4_result.jpg","detectedObjects":[],"detectionMode":1,"fileName":"1718895986560-path_1717501499263_2017-1-4","index":4,"originalUri":"file:///storage/emulated/0/Android/media/com.robotemi.sdk.sample/photo_app/1718895986560-path_1717501499263_2017-1-4.jpg","photoLocation":1,"photoPosition":{"x":3.1407,"y":-0.1477,"yaw":-2.1497},