{"methodId":1,"methodName":"split","objectLocation":1,"photosTaken":[{"analysedPhoto":{"mHeight":3000,"mNativePtr":-5476376609170678160,"mWidth":4000},"analysedUri":"file:///storage/emulated/0/Android/media/com.robotemi.sdk.sample/photo_app/1718896456261-path_1717501499263_2017-0-0_result.jpg","detectedObjects":[],"detectionMode":1,"fileName":"1718896456261-path_1717501499263_2017-0-0","index":0,"originalUri":"file:///storage/emulated/0/Android/media/com.robotemi.sdk.sample/photo_app/1718896456261-path_1717501499263_2017-0-0.jpg","photoLocation":0,"photoPosition":{"x":0.8069,"y":0.0184,"yaw":0.9562},"session":"1718896456261-path_1717501499263_2017"},{"analysedPhoto":{"mHeight":3000,"mNativePtr":-5476376609170639360,"mWidth":4000},"analysedUri":"file:///storage/emulated/0/Android/media/com.robotemi.sdk.sample/photo_app/1718896456261-path_1717501499263_2017-0-1_result.jpg","detectedObjects":[{"bottom":2995,"confidence":0.9340049,"label":"chair","left":615,"position":1,"right":1308,"top":1933}],"detectionMode":1,"fileName":"1718896456261-path_1717501499263_2017-0-1","index":1,"originalUri":"file:///storage/emulated/0/Android/media/com.robotemi.sdk.sample/photo_app/1718896456261-path_1717501499263_2017-0-1.jpg","photoLocation":0,"photoPosition":{"x":0.8073,"y":0.0144,"yaw":1.5842},"session":"1718896456261-path_1717501499263_2017"},{"analysedPhoto":{"mHeight":3000,"mNativePtr":-5476376609170660000,"mWidth":4000},"analysedUri":"file:///storage/emulated/0/Android/media/com.robotemi.sdk.sample/photo_app/1718896456261-path_1717501499263_2017-0-2_result.jpg","detectedObjects":[{"bottom":2967,"confidence":0.92768,"label":"chair","left":2060,"position":2,"right":2623,"top":1903}],"detectionMode":1,"fileName":"1718896456261-path_1717501499263_2017-0-2","index":2,"originalUri":"file:///storage/emulated/0/Android/media/com.robotemi.sdk.sample/photo_app/1718896456261-path_1717501499263_2017-0-2.jpg","photoLocation":0,"photoPosition":{"x":0.8007,"y":0.0063,"yaw":2.3188},"session":"1718896456261-path_1717501499263_2017"},{"analysedPhoto":{"mHeight":3000,"mNativePtr":-5476376609170675840,"mWidth":4000},"analysedUri":"file:///storage/emulated/0/Android/media/com.robotemi.sdk.sample/photo_app/1718896456261-path_1717501499263_2017-0-3_result.jpg","detectedObjects":[{"bottom":2995,"confidence":0.8289705,"label":"chair","left":3539,"position":4,"right":3997,"top":2003}],"detectionMode":1,"fileName":"1718896456261-path_1717501499263_2017-0-3","index":3,"originalUri":"file:///storage/emulated/0/Android/media/com.robotemi.sdk.sample/photo_app/1718896456261-path_1717501499263_2017-0-3.jpg","photoLocation":0,"photoPosition":{"x":0.8078,"y":-0.0046,"yaw":2.979},"session":"1718896456261-path_1717501499263_2017"},{"analysedPhoto":{"mHeight":3000,"mNativePtr":-5476376609170674480,"mWidth":4000},"analysedUri":"file:///storage/emulated/0/Android/media/com.robotemi.sdk.sample/photo_app/1718896456261-path_1717501499263_2017-0-4_result.jpg","detectedObjects":[],"detectionMode":1,"fileName":"1718896456261-path_1717501499263_2017-0-4","index":4,"originalUri":"file:///storage/emulated/0/Android/media/com.robotemi.sdk.sample/photo_app/1718896456261-path_1717501499263_2017-0-4.jpg","photoLocation":0,"photoPosition":{"x":0.8184,"y":-0.0104,"yaw":-2.6433},"session":"1718896456261-path_1717501499263_2017"},{"analysedPhoto":{"mHeight":3000,"mNativePtr":-5476376609170678480,"mWidth":4000},"analysedUri":"file:///storage/emulated/0/Android/media/com.robotemi.sdk.sample/photo_app/1718896456261-path_1717501499263_2017-0-5_result.jpg","detectedObjects":[],"detectionMode":1,"fileName":"1718896456261-path_1717501499263_2017-0-5","index":5,"originalUri":"file:///storage/emulated/0/Android/media/com.robotemi.sdk.sample/photo_app/1718896456261-path_1717501499263_2017-0-5.jpg","photoLocation":0,"photoPosition":{"x":0.8297,"y":-0.0091,"yaw":-1.9191},"session":"1718896456261-path_1717501499263_2017"},{"analysedPhoto":{"mHeight":3000,"mNativePtr":-5476376609170658400,"mWidth":4000},"analysedUri":"file:///storage/emulated/0/Android/media/com.robotemi.sdk.sample/photo_app/1718896456261-path_1717501499263_2017-0-6_result.jpg","detectedObjects":[],"detectionMode":1,"fileName":"1718896456261-path_1717501499263_2017-0-6","index":6,"originalUri":"file:///storage/emulated/0/Android/media/com.robotemi.sdk.sample/photo_app/1718896456261-path_1717501499263_2017-0-6.jpg","photoLocation":0,"photoPosition":{"x":0.84,"y":4.0E-4,"yaw":-1.339},"session":"1718896456261-path_1717501499263_2017"},{"analysedPhoto":{"mHeight":3000,"mNativePtr":-5476376609170677760,"mWidth":4000},"analysedUri":"file:///storage/emulated/0/Android/media/com.robotemi.sdk.sample/photo_app/1718896456261-path_1717501499263_2017-0-7_result.jpg","detectedObjects":[],"detectionMode":1,"fileName":"1718896456261-path_1717501499263_2017-0-7","index":7,"originalUri":"file:///storage/emulated/0/Android/media/com.robotemi.sdk.sample/photo_app/1718896456261-path_1717501499263_2017-0-7.jpg","photoLocation":0,"photoPosition":{"x":0.8391,"y":0.0207,"yaw":-0.5796},"session":"1718896456261-path_1717501499263_2017"},{"analysedPhoto":{"mHeight":3000,"mNativePtr":-5476376609170646320,"mWidth":4000},"analysedUri":"file:///storage/emulated/0/Android/media/com.robotemi.sdk.sample/photo_app/1718896456261-path_1717501499263_2017-0-8_result.jpg","detectedObjects":[],"detectionMode":1,"fileName":"1718896456261-path_1717501499263_2017-0-8","index":8,"originalUri":"file:///storage/emulated/0/Android/media/com.robotemi.sdk.sample/photo_app/1718896456261-path_1717501499263_2017-0-8.jpg","photoLocation":0,"photoPosition":{"x":0.8287,"y":0.0335,"yaw":0.0382},"session":"1718896456261-path_1717501499263_2017"},{"analysedPhoto":{"mHeight":3000,"mNativePtr":-5476376609170635760,"mWidth":4000},"analysedUri":"file:///storage/emulated/0/Android/media/com.robotemi.sdk.sample/photo_app/1718896456261-path_1717501499263_2017-0-9_result.jpg","detectedObjects":[],"detectionMode":1,"fileName":"1718896456261-path_1717501499263_2017-0-9","index":9,"originalUri":"file:///storage/emulated/0/Android/media/com.robotemi.sdk.sample/photo_app/1718896456261-path_1717501499263_2017-0-9.jpg","photoLocation":0,"photoPosition":{"x":0.8173,"y":0.0427,"yaw":0.7397},"session":"1718896456261-path_1717501499263_2017"},{"analysedPhoto":{"mHeight":3000,"mNativePtr":-5476376609170663840,"mWidth":4000},"analysedUri":"file:///storage/emulated/0/Android/media/com.robotemi.sdk.sample/photo_app/1718896456261-path_1717501499263_2017-1-0_result.jpg","detectedObjects":[],"detectionMode":1,"fileName":"1718896456261-path_1717501499263_2017-1-0","index":0,"originalUri":"file:///storage/emulated/0/Android/media/com.robotemi.sdk.sample/photo_app/1718896456261-path_1717501499263_2017-1-0.jpg","photoLocation":1,"photoPosition":{"x":3.1614,"y":-0.1128,"yaw":0.9672},"session":"1718896456261-path_1717501499263_2017"},{"analysedPhoto":{"mHeight":3000,"mNativePtr":-5476376609170660080,"mWidth":4000},"analysedUri":"file:///storage/emulated/0/Android/media/com.robotemi.sdk.sample/photo_app/1718896456261-path_1717501499263_2017-1-1_result.jpg","detectedObjects":[],"detectionMode":1,"fileName":"1718896456261-path_1717501499263_2017-1-1","index":1,"originalUri":"file:///storage/emulated/0/Android/media/com.robotemi.sdk.sample/photo_app/1718896456261-path_1717501499263_2017-1-1.jpg","photoLocation":1,"photoPosition":{"x":3.1637,"y":-0.1207,"yaw":1.622},"session":"1718896456261-path_1717501499263_2017"},{"analysedPhoto":{"mHeight":3000,"mNativePtr":-5476376609170639520,"mWidth":4000},"analysedUri":"file:///storage/emulated/0/Android/media/com.robotemi.sdk.sample/photo_app/1718896456261-path_1717501499263_2017-1-2_result.jpg","detectedObjects":[{"bottom":2054,"confidence":0.80828047,"label":"chair","left":932,"position":1,"right":1235,"top":1733}],"detectionMode":1,"fileName":"1718896456261-path_1717501499263_2017-1-2","index":2,